no,name,region,original_score,평당가,매매누계_2025,주간지수_2026,교통,학군,산업,공급,전세가율,인구순이동,거래량증감,미분양,신뢰도,z_평당가,z_매매누계_2025,z_교통,z_학군,z_산업,z_공급,z_weighted,z_sigmoid,재산정점수,점수차,광역권
1,서울전체,서울,2.1,4900.0,8.71,0.1,9.0,9.0,9.5,6.0,45.2,-3382,15.0,600,H,1.1297664807030101,1.5913120289163551,1.1641781427772078,1.4699338538037736,1.6896059683400422,-1.5735241272890157,1.0656379166901337,0.7437664834841382,2.02,-0.08,수도권
2,서초구,서울,1.5,9930.0,12.0,-0.06,10.0,9.8,10.0,7.0,41.8,-150,18.0,20,H,4.056355320100748,2.395750634534113,2.179102677506055,2.131616945627732,2.06082795815304,-0.5372079950308747,2.401164030589597,0.9169160236005999,1.33,-0.17,수도권
3,송파구,서울,1.7,7925.0,11.5,-0.01,10.0,9.0,9.5,8.0,39.6,-200,22.0,25,H,2.889792571990914,2.2734955272973716,2.179102677506055,1.4699338538037736,1.6896059683400422,0.49910813722726627,2.052329272585711,0.8861827672545112,1.46,-0.24,수도권
4,용산구,서울,1.6,7100.0,11.0,-0.04,10.0,8.5,9.0,9.0,39.9,-80,15.0,10,H,2.409785456185122,2.1512404200606303,2.179102677506055,1.0563819214138002,1.3183839785270441,1.5354242694854072,1.912353096572933,0.8712832752819216,1.51,-0.09,수도권
5,마포구,서울,2.4,5840.0,10.5,0.09,9.5,8.0,8.5,7.5,43.0,-50,12.0,15,H,1.6766836793180944,2.028985312823889,1.6716404101416316,0.6428299890238266,0.9471619887140461,-0.019049928901804222,1.348531768757426,0.7938894866973344,1.82,-0.58,수도권
6,성동구,서울,2.3,5960.0,10.0,0.04,9.5,8.0,8.5,8.5,43.5,-40,14.0,12,H,1.7465028961625733,1.9067302055871478,1.6716404101416316,0.6428299890238266,0.9471619887140461,1.0172662033563367,1.4451671647470117,0.809253541420042,1.76,-0.54,수도권
7,영등포구,서울,2.5,4920.0,9.5,0.07,9.5,7.5,9.0,7.0,44.5,-60,13.0,30,H,1.1414030168437568,1.7844750983504063,1.6716404101416316,0.22927805663385306,1.3183839785270441,-0.5372079950308747,1.0890831627540418,0.7482090358626603,2.01,-0.49,수도권
8,양천구,서울,2.5,4720.0,8.5,0.06,8.0,9.5,6.0,8.5,45.0,-70,11.0,20,H,1.0250376554362919,1.5399648838769238,0.1492536080483603,1.883485786193747,-0.9089479603509439,1.0172662033563367,0.8874578044737311,0.7083652741920604,2.17,-0.33,수도권
9,광진구,서울,2.6,4650.0,9.0,0.13,8.5,8.5,7.5,6.5,45.5,-30,16.0,8,H,0.9843097789436793,1.662219991113665,0.6567158754127841,1.0563819214138002,0.20471800908805013,-1.0553660611599451,0.78325710104609,0.6863816688801152,2.25,-0.35,수도권
10,동작구,서울,2.7,4800.0,8.5,0.1,8.5,8.0,7.0,8.0,46.0,-45,14.0,18,H,1.0715837999992779,1.5399648838769238,0.6567158754127841,0.6428299890238266,-0.16650398072494788,0.49910813722726627,0.8369170158615671,0.6978155068900128,2.21,-0.49,수도권
11,관악구,서울,3.0,3700.0,7.5,0.05,8.0,7.0,7.5,7.0,48.0,-40,10.0,25,M,0.4315743122582219,1.295454669403441,0.1492536080483603,-0.18427387575612045,0.20471800908805013,-0.5372079950308747,0.3359451535972152,0.5832052172517601,2.67,-0.33,수도권
12,강동구,서울,2.6,4860.0,9.0,0.14,8.5,7.5,7.5,8.5,47.0,-50,17.0,40,H,1.1064934084215172,1.662219991113665,0.6567158754127841,0.22927805663385306,0.20471800908805013,1.0172662033563367,0.8970006551501859,0.7103327465709961,2.16,-0.44,수도권
13,강서구,서울,3.1,3920.0,9.5,0.24,9.0,6.5,8.0,7.0,48.5,-35,15.0,35,H,0.5595762098064331,1.7844750983504063,1.1641781427772078,-0.597825808146094,0.5759399989010482,-0.5372079950308747,0.6438240298422344,0.6556173754755191,2.38,-0.72,수도권
14,구로구,서울,3.3,3420.0,7.5,0.17,7.5,6.5,7.0,6.5,50.0,-25,10.0,45,M,0.2686628062877713,1.295454669403441,-0.35820865931606344,-0.597825808146094,-0.16650398072494788,-1.0553660611599451,0.042754028179014913,0.510686879209302,2.96,-0.34,수도권
15,금천구,서울,3.5,3180.0,7.0,0.2,7.0,6.0,7.5,6.5,52.0,-20,9.0,30,M,0.1290243725988136,1.1731995621666995,-0.8656709266804872,-1.0113777405360675,0.20471800908805013,-1.0553660611599451,-0.14300964604065375,0.46430839743611435,3.14,-0.36,수도권
16,서대문구,서울,3.0,4150.0,9.0,0.2,8.5,8.5,7.0,7.5,47.5,-30,13.0,15,H,0.6933963754250175,1.662219991113665,0.6567158754127841,1.0563819214138002,-0.16650398072494788,-0.019049928901804222,0.777038164410939,0.6850414197712507,2.26,-0.74,수도권
17,은평구,서울,3.7,3420.0,8.5,0.09,7.5,6.5,6.0,9.0,50.5,-35,12.0,50,M,0.2686628062877713,1.5399648838769238,-0.35820865931606344,-0.597825808146094,-0.9089479603509439,1.5354242694854072,0.27649070617564714,0.5686856646614619,2.73,-0.97,수도권
18,종로구,서울,2.7,4720.0,9.0,0.2,10.0,7.0,8.5,6.0,44.0,-10,10.0,8,H,1.0250376554362919,1.662219991113665,2.179102677506055,-0.18427387575612045,0.9471619887140461,-1.5735241272890157,0.9342466523621021,0.717936044413236,2.13,-0.57,수도권
19,중구,서울,2.8,4840.0,9.5,0.1,10.0,6.5,8.5,6.5,43.5,-10,14.0,12,H,1.0948568722807708,1.7844750983504063,2.179102677506055,-0.597825808146094,0.9471619887140461,-1.0553660611599451,0.965935494774981,0.7243086148422897,2.1,-0.7,수도권
20,성북구,서울,3.2,3780.0,8.5,0.2,8.0,8.5,6.5,8.0,49.0,-35,12.0,30,M,0.4781204568212078,1.5399648838769238,0.1492536080483603,1.0563819214138002,-0.5377259705379459,0.49910813722726627,0.611969317471361,0.6483898990330997,2.41,-0.79,수도권
21,강북구,서울,3.9,3050.0,8.0,0.27,7.0,6.0,5.5,7.5,53.0,-15,15.0,25,H,0.05338688768396154,1.4177097766401823,-0.8656709266804872,-1.0113777405360675,-1.2801699501639419,-0.019049928901804222,-0.15787415707405533,0.46061323390062997,3.16,-0.74,수도권
22,도봉구,서울,4.0,2750.0,7.5,0.13,7.5,7.0,5.0,6.5,55.0,-40,11.0,40,H,-0.12116115442723553,1.295454669403441,-0.35820865931606344,-0.18427387575612045,-1.65139193997694,-1.0553660611599451,-0.14115796806643996,0.46476898840325614,3.14,-0.86,수도권
23,노원구,서울,3.8,3050.0,7.0,0.18,8.0,8.5,5.5,8.5,52.5,-80,10.0,30,M,0.05338688768396154,1.1731995621666995,0.1492536080483603,1.0563819214138002,-1.2801699501639419,1.0172662033563367,0.41000426949531193,0.6010889025928112,2.6,-1.2,수도권
24,중랑구,서울,3.6,3250.0,7.5,0.1,7.5,6.0,5.5,7.0,52.0,-40,11.0,45,M,0.16975224909142625,1.295454669403441,-0.35820865931606344,-1.0113777405360675,-1.2801699501639419,-0.5372079950308747,-0.1035571913095597,0.474133813988303,3.1,-0.5,수도권
25,동대문구,서울,3.1,4120.0,8.5,0.2,9.5,7.0,7.0,8.0,48.0,-20,14.0,20,H,0.6759415712138978,1.5399648838769238,1.6716404101416316,-0.18427387575612045,-0.16650398072494788,0.49910813722726627,0.8169257858939993,0.6935833803969267,2.23,-0.87,수도권
26,인천전체,인천,3.3,2200.0,-0.65,0.02,8.0,6.0,7.0,8.0,65.0,3422,-5.0,3500,H,-0.44116589829776354,-0.697303578555443,0.1492536080483603,-1.0113777405360675,-0.16650398072494788,0.49910813722726627,-0.3383477141060357,0.416210892811057,3.34,0.04,수도권
27,연수구,인천,2.9,3700.0,-3.5,0.03,8.5,8.0,7.5,7.0,62.0,800,-8.0,500,H,0.4315743122582219,-1.3941576898048686,0.6567158754127841,0.6428299890238266,0.20471800908805013,-0.5372079950308747,0.023580714945430056,0.5058949055836438,2.98,0.08,수도권
28,서구,인천,3.2,2800.0,0.5,-0.01,8.0,7.0,6.5,9.0,66.0,1500,-3.0,1200,M,-0.09206981407536936,-0.41611683191093796,0.1492536080483603,-0.18427387575612045,-0.5377259705379459,1.5354242694854072,-0.0042613497600298145,0.49893466417212057,3.0,-0.2,수도권
29,부평구,인천,3.4,2400.0,-1.0,0.04,8.5,6.5,6.5,6.5,68.0,200,-4.0,400,M,-0.3248005368902988,-0.782882153621162,0.6567158754127841,-0.597825808146094,-0.5377259705379459,-1.0553660611599451,-0.3554164642559535,0.41206956176251663,3.35,-0.05,수도권
30,남동구,인천,3.5,2650.0,-0.5,0.0,7.0,6.5,7.0,7.0,67.0,350,-5.0,300,M,-0.1793438351309679,-0.6606270463844206,-0.8656709266804872,-0.597825808146094,-0.16650398072494788,-0.5372079950308747,-0.5101406221932199,0.37516056098540584,3.5,0.0,수도권
31,계양구,인천,3.6,2250.0,0.0,-0.02,7.5,6.0,6.0,8.0,68.5,250,-3.0,250,M,-0.4120745579458973,-0.5383719391476793,-0.35820865931606344,-1.0113777405360675,-0.9089479603509439,0.49910813722726627,-0.47502540257200077,0.3834274900172607,3.47,-0.13,수도권
32,미추홀구,인천,3.7,2450.0,-2.0,0.08,7.5,5.5,6.0,7.0,67.0,150,-6.0,350,M,-0.29570919653843264,-1.0273923680946446,-0.35820865931606344,-1.424929672926041,-0.9089479603509439,-0.5372079950308747,-0.7094025510938379,0.3297308679967844,3.68,-0.02,수도권
33,동구,인천,4.0,2050.0,-1.5,-0.01,6.0,5.0,5.0,7.5,69.0,-50,-4.0,100,L,-0.5284399193533621,-0.9051372608579034,-1.8805954614093348,-1.8384816053160145,-1.65139193997694,-0.019049928901804222,-1.1320729519770647,0.24377874787552672,4.02,0.02,수도권
34,중구,인천,3.8,2500.0,1.0,0.0,7.5,5.5,6.5,8.5,66.0,300,-2.0,450,M,-0.2666178561865664,-0.29386172467419663,-0.35820865931606344,-1.424929672926041,-0.5377259705379459,1.0172662033563367,-0.36285396850176066,0.4102688766316331,3.36,-0.44,수도권
35,성남시전체,성남,2.4,5000.0,4.5,0.07,9.0,8.0,9.0,7.0,55.0,120,12.0,150,M,1.1879491614067426,0.5619240259829927,1.1641781427772078,0.6428299890238266,1.3183839785270441,-0.5372079950308747,0.8167498208069167,0.6935459820594029,2.23,-0.17,수도권
36,분당구,성남,2.2,5840.0,5.5,0.05,10.0,9.5,9.5,6.5,52.0,80,14.0,50,H,1.6766836793180944,0.8064342404564755,2.179102677506055,1.883485786193747,1.6896059683400422,-1.0553660611599451,1.3622251620691015,0.7961211068567992,1.82,-0.38,수도권
37,중원구,성남,3.1,4750.0,4.0,0.1,8.5,7.0,8.5,8.0,56.0,30,10.0,40,M,1.0424924596474117,0.43966891874625147,0.6567158754127841,-0.18427387575612045,0.9471619887140461,0.49910813722726627,0.5968860049743733,0.6449435505282862,2.42,-0.68,수도권
38,수정구,성남,3.3,4620.0,3.5,0.08,8.0,7.0,8.0,8.5,57.0,10,11.0,60,M,0.9668549747325595,0.3174138115095101,0.1492536080483603,-0.18427387575612045,0.5759399989010482,1.0172662033563367,0.46672676645703437,0.614608733892716,2.54,-0.76,수도권
39,수원시전체,수원,3.2,3050.0,1.5,0.07,8.0,7.5,8.5,7.5,62.0,200,8.0,400,M,0.05338688768396154,-0.17160661743745528,0.1492536080483603,0.22927805663385306,0.9471619887140461,-0.019049928901804222,0.13607903451947354,0.5339673589085897,2.86,-0.34,수도권
40,영통구,수원,2.8,3420.0,2.5,0.12,9.0,8.5,9.0,6.5,58.0,150,10.0,80,H,0.2686628062877713,0.07290359703602742,1.1641781427772078,1.0563819214138002,1.3183839785270441,-1.0553660611599451,0.4993411294833699,0.6223044816961801,2.51,-0.29,수도권
41,팔달구,수원,3.3,3220.0,1.5,0.27,8.0,7.0,8.0,8.5,61.0,20,9.0,120,H,0.15229744488030655,-0.17160661743745528,0.1492536080483603,-0.18427387575612045,0.5759399989010482,1.0172662033563367,0.16528329820457807,0.5412270120100127,2.84,-0.46,수도권
42,장안구,수원,3.5,2870.0,0.5,0.1,7.5,7.0,8.0,7.0,63.0,50,7.0,100,M,-0.05134193758275671,-0.41611683191093796,-0.35820865931606344,-0.18427387575612045,0.5759399989010482,-0.5372079950308747,-0.19146846361749015,0.45227858470539706,3.19,-0.31,수도권
43,권선구,수원,3.6,2920.0,1.0,0.09,7.5,6.5,8.0,8.5,62.0,100,8.0,150,M,-0.022250597230890526,-0.29386172467419663,-0.35820865931606344,-0.597825808146094,0.5759399989010482,1.0172662033563367,-0.06632997710195027,0.48342358283696474,3.07,-0.53,수도권
44,고양시전체,고양,3.3,3420.0,1.5,0.07,8.5,8.0,6.5,8.5,60.0,100,9.0,300,M,0.2686628062877713,-0.17160661743745528,0.6567158754127841,0.6428299890238266,-0.5377259705379459,1.0172662033563367,0.3085660748024217,0.5765352177253681,2.69,-0.61,수도권
45,덕양구,고양,3.5,3850.0,2.0,0.08,8.5,7.0,6.5,9.5,58.0,150,10.0,180,M,0.5188483333138204,-0.04935151020071393,0.6567158754127841,-0.18427387575612045,-0.5377259705379459,2.0535823356144776,0.37512951151510426,0.592697865329405,2.63,-0.87,수도권
46,일산동구,고양,3.3,2850.0,1.0,0.06,8.0,9.0,5.5,7.5,62.0,-40,7.0,80,M,-0.06297847372350318,-0.29386172467419663,0.1492536080483603,1.4699338538037736,-1.2801699501639419,-0.019049928901804222,0.045901848407948365,0.5114734476459653,2.95,-0.35,수도권
47,일산서구,고양,3.4,2770.0,0.5,0.05,8.0,8.5,5.5,8.0,63.0,-30,7.0,90,M,-0.10952461828648907,-0.41611683191093796,0.1492536080483603,1.0563819214138002,-1.2801699501639419,0.49910813722726627,-0.00040269242573533204,0.49989932689492655,3.0,-0.4,수도권
48,용인시전체,용인,3.2,3220.0,2.0,0.07,8.0,8.0,9.5,7.0,60.0,180,10.0,350,M,0.15229744488030655,-0.04935151020071393,0.1492536080483603,0.6428299890238266,1.6896059683400422,-0.5372079950308747,0.26971907647409665,0.5670239373499563,2.73,-0.47,수도권
49,수지구,용인,2.8,3314.0,2.5,0.1,8.5,9.0,9.5,5.5,56.0,50,11.0,80,H,0.20698916474181497,0.07290359703602742,0.6567158754127841,1.4699338538037736,1.6896059683400422,-2.091682193418086,0.3779536412379777,0.5933794514261259,2.63,-0.17,수도권
50,기흥구,용인,3.1,3180.0,2.0,0.09,9.0,7.5,9.5,7.0,59.0,80,10.0,120,M,0.1290243725988136,-0.04935151020071393,1.1641781427772078,0.22927805663385306,1.6896059683400422,-0.5372079950308747,0.40485292549099683,0.5998530671814969,2.6,-0.5,수도권
51,처인구,용인,4.0,1950.0,3.5,0.08,7.0,5.5,9.5,9.0,65.0,200,9.0,250,M,-0.5866226000570944,0.3174138115095101,-0.8656709266804872,-1.424929672926041,1.6896059683400422,1.5354242694854072,-0.14754350020483029,0.4631808939133939,3.15,-0.85,수도권
52,안양시전체,안양,3.0,4180.0,2.0,0.27,8.5,8.5,8.0,6.5,57.0,50,12.0,80,M,0.7108511796361372,-0.04935151020071393,0.6567158754127841,1.0563819214138002,0.5759399989010482,-1.0553660611599451,0.40970034993762866,0.6010160262086737,2.6,-0.4,수도권
53,동안구,안양,2.8,4890.0,2.5,0.48,9.0,9.5,8.0,6.0,54.0,30,13.0,30,H,1.123948212632637,0.07290359703602742,1.1641781427772078,1.883485786193747,0.5759399989010482,-1.5735241272890157,0.7111678562110717,0.670659161967424,2.32,-0.48,수도권
54,만안구,안양,3.4,3550.0,1.0,0.1,7.5,7.0,7.5,7.5,60.0,20,9.0,60,M,0.34430029120262334,-0.29386172467419663,-0.35820865931606344,-0.18427387575612045,0.20471800908805013,-0.019049928901804222,-0.05341327734218966,0.48664985448638076,3.05,-0.35,수도권
55,안산시전체,안산,3.9,2720.0,0.5,0.09,7.0,6.5,7.5,8.0,63.0,-50,6.0,350,M,-0.13861595863835524,-0.41611683191093796,-0.8656709266804872,-0.597825808146094,0.20471800908805013,0.49910813722726627,-0.3103027979682563,0.42304083103984524,3.31,-0.59,수도권
56,단원구,안산,3.8,2750.0,0.0,0.08,7.0,6.5,7.5,7.5,63.0,-30,6.0,180,M,-0.12116115442723553,-0.5383719391476793,-0.8656709266804872,-0.597825808146094,0.20471800908805013,-0.019049928901804222,-0.3822059249757317,0.40559496515113513,3.38,-0.42,수도권
57,상록구,안산,4.0,2690.0,1.0,0.1,7.0,6.5,7.0,8.5,63.0,-20,6.0,200,M,-0.15607076284947496,-0.29386172467419663,-0.8656709266804872,-0.597825808146094,-0.16650398072494788,1.0172662033563367,-0.2755218699420807,0.43155198949448514,3.27,-0.73,수도권
58,과천시,과천,2.1,8600.0,7.0,-0.18,9.0,9.0,8.5,5.5,45.0,20,16.0,10,H,3.2825256667411074,1.1731995621666995,1.1641781427772078,1.4699338538037736,0.9471619887140461,-2.091682193418086,1.3941450152742205,0.8012531468217662,1.79,-0.31,수도권
59,광명시,광명,2.8,3945.0,3.0,0.42,9.0,7.0,7.0,9.0,58.0,80,18.0,80,H,0.5741218799823662,0.19515870427276877,1.1641781427772078,-0.18427387575612045,-0.16650398072494788,1.5354242694854072,0.5246487869182147,0.6282341640681404,2.49,-0.31,수도권
60,하남시,하남,2.9,4650.0,3.5,0.23,8.5,7.5,8.0,8.5,55.0,120,15.0,120,H,0.9843097789436793,0.3174138115095101,0.6567158754127841,0.22927805663385306,0.5759399989010482,1.0172662033563367,0.6346157108411952,0.6535353226294933,2.39,-0.51,수도권
61,의왕시,의왕,3.2,3180.0,1.5,0.12,8.0,8.0,7.5,7.0,60.0,40,10.0,50,M,0.1290243725988136,-0.17160661743745528,0.1492536080483603,0.6428299890238266,0.20471800908805013,-0.5372079950308747,0.09096099103117594,0.5227245815048629,2.91,-0.29,수도권
62,부천시,부천,3.4,3250.0,1.0,0.07,8.5,6.5,7.0,7.5,62.0,30,8.0,200,M,0.16975224909142625,-0.29386172467419663,0.6567158754127841,-0.597825808146094,-0.16650398072494788,-0.019049928901804222,0.006779630235984753,0.5016949010670518,2.99,-0.41,수도권
63,구리시,구리,3.1,3850.0,2.5,0.28,8.5,7.5,6.5,7.0,57.0,50,13.0,40,H,0.5188483333138204,0.07290359703602742,0.6567158754127841,0.22927805663385306,-0.5377259705379459,-0.5372079950308747,0.20253428975641327,0.5504611964801961,2.8,-0.3,수도권
64,남양주시,남양주,3.7,2850.0,1.0,0.07,7.5,6.5,6.0,8.5,61.0,100,9.0,250,M,-0.06297847372350318,-0.29386172467419663,-0.35820865931606344,-0.597825808146094,-0.9089479603509439,1.0172662033563367,-0.2250007421503027,0.4439859262463501,3.22,-0.48,수도권
65,의정부시,의정부,4.0,2420.0,0.5,0.1,7.0,6.5,5.5,7.5,63.0,60,8.0,180,M,-0.3131640007495523,-0.41611683191093796,-0.8656709266804872,-0.597825808146094,-1.2801699501639419,-0.019049928901804222,-0.5542444110341618,0.3648802349822056,3.54,-0.46,수도권
66,시흥시,시흥,4.0,2720.0,0.5,0.09,7.0,6.0,7.0,8.5,62.0,80,7.0,220,M,-0.13861595863835524,-0.41611683191093796,-0.8656709266804872,-1.0113777405360675,-0.16650398072494788,1.0172662033563367,-0.3576419801951451,0.4115304956498806,3.35,-0.65,수도권
67,김포시,김포,3.8,2450.0,0.0,0.08,7.5,6.5,6.0,8.0,63.0,70,7.0,280,M,-0.29570919653843264,-0.5383719391476793,-0.35820865931606344,-0.597825808146094,-0.9089479603509439,0.49910813722726627,-0.3839012723616386,0.4051863032710858,3.38,-0.42,수도권
68,화성시,화성,3.8,3270.0,2.5,0.34,8.5,7.5,9.0,9.5,58.0,300,14.0,450,M,0.18138878523217272,0.07290359703602742,0.6567158754127841,0.22927805663385306,1.3183839785270441,2.0535823356144776,0.5628594307070357,0.6371138988750552,2.45,-1.35,수도권
69,평택시,평택,4.2,1850.0,1.0,0.1,7.0,6.0,8.5,9.0,67.0,200,6.0,400,M,-0.6448052807608268,-0.29386172467419663,-0.8656709266804872,-1.0113777405360675,0.9471619887140461,1.5354242694854072,-0.2965558857216083,0.42639964063715413,3.29,-0.91,수도권
70,파주시,파주,4.3,1980.0,1.5,0.08,8.0,6.5,5.5,8.0,66.0,150,9.0,300,M,-0.5691677958459748,-0.17160661743745528,0.1492536080483603,-0.597825808146094,-1.2801699501639419,0.49910813722726627,-0.31454260335489437,0.42200632994558407,3.31,-0.99,수도권
71,군포시,군포,3.6,2780.0,1.0,0.1,7.5,7.0,7.0,7.0,62.0,20,8.0,80,M,-0.10370635021611584,-0.29386172467419663,-0.35820865931606344,-0.18427387575612045,-0.16650398072494788,-0.5372079950308747,-0.2543529432910813,0.4367523829997594,3.25,-0.35,수도권
72,일산(1기),신도시,3.3,2810.0,1.5,0.06,8.5,8.5,5.5,7.0,60.0,-40,8.0,80,M,-0.08625154600499613,-0.17160661743745528,0.6567158754127841,1.0563819214138002,-1.2801699501639419,-0.5372079950308747,0.05217845878640512,0.5130416559056654,2.95,-0.35,수도권
73,평촌(1기),신도시,2.8,4890.0,2.5,0.48,9.0,9.5,8.0,6.0,54.0,30,13.0,30,H,1.123948212632637,0.07290359703602742,1.1641781427772078,1.883485786193747,0.5759399989010482,-1.5735241272890157,0.7111678562110717,0.670659161967424,2.32,-0.48,수도권
74,산본(1기),신도시,3.6,2780.0,1.0,0.1,7.5,7.0,7.0,7.0,62.0,20,8.0,80,M,-0.10370635021611584,-0.29386172467419663,-0.35820865931606344,-0.18427387575612045,-0.16650398072494788,-0.5372079950308747,-0.2543529432910813,0.4367523829997594,3.25,-0.35,수도권
75,중동(1기),신도시,3.4,3180.0,1.5,0.07,8.5,7.0,7.0,7.5,62.0,20,8.0,100,M,0.1290243725988136,-0.17160661743745528,0.6567158754127841,-0.18427387575612045,-0.16650398072494788,-0.019049928901804222,0.08308147241867589,0.5207584290030236,2.92,-0.48,수도권
76,판교(2기),신도시,1.9,7450.0,6.0,0.05,10.0,9.5,10.0,5.0,48.0,50,15.0,20,H,2.6134248386481853,0.9286893476932169,2.179102677506055,1.883485786193747,2.06082795815304,-2.609840259547157,1.5025362524915513,0.8179524446173936,1.73,-0.17,수도권
77,광교(2기),신도시,2.5,4150.0,2.0,0.12,9.0,9.0,9.0,5.5,56.0,40,12.0,40,H,0.6933963754250175,-0.04935151020071393,1.1641781427772078,1.4699338538037736,1.3183839785270441,-2.091682193418086,0.5394746769530151,0.6316902057470623,2.47,-0.03,수도권
78,동탄(2기),신도시,2.8,3650.0,2.5,0.34,9.0,8.5,9.0,8.5,58.0,250,14.0,180,H,0.4024829719063557,0.07290359703602742,1.1641781427772078,1.0563819214138002,1.3183839785270441,1.0172662033563367,0.7400593973396441,0.6770088446647565,2.29,-0.51,수도권
79,위례(2기),신도시,2.6,4850.0,3.0,0.1,8.5,9.0,8.5,6.0,52.0,30,11.0,20,M,1.100675140351144,0.19515870427276877,0.6567158754127841,1.4699338538037736,0.9471619887140461,-1.5735241272890157,0.6033975652379657,0.6464332303790593,2.41,-0.19,수도권
80,김포한강(2기),신도시,3.7,2780.0,0.5,0.08,7.5,7.0,6.0,7.5,62.0,60,7.0,180,M,-0.10370635021611584,-0.41611683191093796,-0.35820865931606344,-0.18427387575612045,-0.9089479603509439,-0.019049928901804222,-0.30123255608812216,0.4252562022900181,3.3,-0.4,수도권
81,파주운정(2기),신도시,4.1,2099.0,1.5,0.08,8.5,7.0,5.5,8.0,65.0,100,9.0,200,H,-0.4999304058085332,-0.17160661743745528,0.6567158754127841,-0.18427387575612045,-1.2801699501639419,0.49910813722726627,-0.13370801251415318,0.46662270819749313,3.13,-0.97,수도권
82,양주옥정(2기),신도시,4.4,1750.0,1.0,0.1,7.0,5.5,5.0,9.5,70.0,80,7.0,250,M,-0.7029879614645591,-0.29386172467419663,-0.8656709266804872,-1.424929672926041,-1.65139193997694,2.0535823356144776,-0.581173932012229,0.358662516681305,3.57,-0.83,수도권
83,고덕국제,2기,4.2,1870.0,1.5,0.04,7.0,6.0,8.5,9.5,67.0,300,8.0,350,M,-0.6331687446200803,-0.17160661743745528,-0.8656709266804872,-1.0113777405360675,0.9471619887140461,2.0535823356144776,-0.21737992362616632,0.44586801428051775,3.22,-0.98,수도권
84,왕숙,3기,3.4,,0.0,0.05,7.0,5.5,6.0,10.0,,100,0.0,0,L,,-0.5383719391476793,-0.8656709266804872,-1.424929672926041,-0.9089479603509439,2.5717404017435483,,,3.4,0.0,수도권
85,교산,3기,3.1,,0.0,0.03,7.5,7.0,7.5,10.0,,150,0.0,0,L,,-0.5383719391476793,-0.35820865931606344,-0.18427387575612045,0.20471800908805013,2.5717404017435483,,,3.1,0.0,수도권
86,창릉,3기,3.3,,0.0,0.01,8.0,6.5,6.5,10.0,,80,0.0,0,L,,-0.5383719391476793,0.1492536080483603,-0.597825808146094,-0.5377259705379459,2.5717404017435483,,,3.3,0.0,수도권
87,대장,3기,3.2,,0.0,0.04,7.5,6.0,6.5,10.0,,60,0.0,0,L,,-0.5383719391476793,-0.35820865931606344,-1.0113777405360675,-0.5377259705379459,2.5717404017435483,,,3.2,0.0,수도권
88,광명시흥,3기,3.0,,0.0,-0.01,8.0,6.5,7.5,10.0,,0,0.0,0,L,,-0.5383719391476793,0.1492536080483603,-0.597825808146094,0.20471800908805013,2.5717404017435483,,,3.0,0.0,수도권
89,장상(공공),기타,3.7,,0.0,0.02,6.0,5.0,6.5,9.0,,40,0.0,0,L,,-0.5383719391476793,-1.8805954614093348,-1.8384816053160145,-0.5377259705379459,1.5354242694854072,,,3.7,0.0,수도권
90,청계(공공),기타,3.3,,0.0,0.0,6.5,5.5,7.0,9.0,,20,0.0,0,L,,-0.5383719391476793,-1.373133194044911,-1.424929672926041,-0.16650398072494788,1.5354242694854072,,,3.3,0.0,수도권
91,계양,3기,3.2,,0.0,0.06,8.0,5.5,7.0,10.0,,250,5.0,0,M,,-0.5383719391476793,0.1492536080483603,-1.424929672926041,-0.16650398072494788,2.5717404017435483,,,3.2,0.0,수도권
92,해운대구,부산,2.4,2258.0,-0.5,0.07,8.5,9.0,7.0,6.5,55.0,-20,3.0,150,H,-0.40741994348959876,-0.6606270463844206,0.6567158754127841,1.4699338538037736,-0.16650398072494788,-1.0553660611599451,-0.004334146184650264,0.4989164651500045,3.0,0.6,부산
93,수영구,부산,2.6,2941.0,-0.3,0.13,8.0,8.0,6.5,6.0,54.0,-15,4.0,80,H,-0.01003223428310673,-0.611725003489724,0.1492536080483603,0.6428299890238266,-0.5377259705379459,-1.5735241272890157,-0.2097028490881716,0.4477655662553698,3.21,0.61,부산
94,동래구,부산,2.8,1900.0,-0.8,0.05,8.5,9.5,6.0,6.5,58.0,-30,3.0,100,M,-0.6157139404089605,-0.7339801107264655,0.6567158754127841,1.883485786193747,-0.9089479603509439,-1.0553660611599451,-0.08328986638700328,0.4791895625296075,3.08,0.28,부산
95,연제구,부산,3.0,1850.0,-1.0,0.1,8.0,8.0,7.0,7.0,58.0,-20,4.0,60,M,-0.6448052807608268,-0.782882153621162,0.1492536080483603,0.6428299890238266,-0.16650398072494788,-0.5372079950308747,-0.2618737285267754,0.4349031601345281,3.26,0.26,부산
96,남구,부산,3.1,2000.0,-1.2,0.09,7.5,8.0,6.5,7.5,59.0,-40,3.0,120,M,-0.5575312597052282,-0.8317841965158584,-0.35820865931606344,0.6428299890238266,-0.5377259705379459,-0.019049928901804222,-0.3366344776830925,0.4166272336084626,3.33,0.23,부산
97,부산진구,부산,3.0,1900.0,-1.5,0.08,8.5,7.5,7.5,7.5,59.0,-80,4.0,180,M,-0.6157139404089605,-0.9051372608579034,0.6567158754127841,0.22927805663385306,0.20471800908805013,-0.019049928901804222,-0.15065424567756142,0.46240751381928696,3.15,0.15,부산
98,동구,부산,3.5,1500.0,-1.8,0.05,7.5,6.0,5.5,8.5,62.0,-30,2.0,80,L,-0.84844466322389,-0.9784903251999482,-0.35820865931606344,-1.0113777405360675,-1.2801699501639419,1.0172662033563367,-0.6574479984703454,0.3413131160723647,3.63,0.13,부산
99,중구,부산,3.3,1500.0,-1.5,0.1,7.5,6.0,5.5,6.5,61.0,-20,2.0,30,L,-0.84844466322389,-0.9051372608579034,-0.35820865931606344,-1.0113777405360675,-1.2801699501639419,-1.0553660611599451,-0.8500406120535646,0.29942433829036375,3.8,0.5,부산
100,서구,부산,3.4,1650.0,-1.5,0.07,7.0,6.5,5.0,7.5,61.0,-40,2.0,80,L,-0.7611706421682914,-0.9051372608579034,-0.8656709266804872,-0.597825808146094,-1.65139193997694,-0.019049928901804222,-0.8011723561595394,0.30977479639115096,3.76,0.36,부산
101,영도구,부산,3.8,1600.0,-1.8,0.06,6.5,6.0,4.5,7.5,63.0,-80,1.0,60,L,-0.7902619825201577,-0.9784903251999482,-1.373133194044911,-1.0113777405360675,-2.0226139297899377,-0.019049928901804222,-1.0237632464285955,0.2642950142332452,3.94,0.14,부산
102,강서구,부산,3.9,1350.0,-0.5,0.27,7.5,6.0,8.5,10.0,65.0,500,5.0,800,M,-0.9357186842794886,-0.6606270463844206,-0.35820865931606344,-1.0113777405360675,0.9471619887140461,2.5717404017435483,-0.23751323424461968,0.440899265759751,3.24,-0.66,부산
103,사상구,부산,3.7,1300.0,-1.8,0.05,8.0,5.5,6.0,7.0,62.0,-40,2.0,120,L,-0.9648100246313548,-0.9784903251999482,0.1492536080483603,-1.424929672926041,-0.9089479603509439,-0.5372079950308747,-0.7654048960652443,0.3174739567261059,3.73,0.03,부산
104,북구,부산,3.6,1200.0,-2.0,0.1,7.0,6.0,5.0,6.5,64.0,-60,2.0,150,L,-1.0229927053350871,-1.0273923680946446,-0.8656709266804872,-1.0113777405360675,-1.65139193997694,-1.0553660611599451,-1.0567432964828969,0.25793230670436446,3.97,0.37,부산
105,금정구,부산,3.2,1600.0,-1.5,0.08,8.0,8.5,5.5,6.5,60.0,-30,3.0,80,M,-0.7902619825201577,-0.9051372608579034,0.1492536080483603,1.0563819214138002,-1.2801699501639419,-1.0553660611599451,-0.4238385391122667,0.39559858728376857,3.42,0.22,부산
106,기장군,부산,4.0,1327.0,-0.7,0.27,7.0,6.5,6.5,9.0,64.0,150,4.0,250,M,-0.949100700841347,-0.7095290892791172,-0.8656709266804872,-0.597825808146094,-0.5377259705379459,1.5354242694854072,-0.5422192197294256,0.36767148637517405,3.53,-0.47,부산
107,사하구,부산,3.8,1200.0,-2.0,0.05,6.5,6.0,5.0,7.0,63.0,-70,2.0,150,L,-1.0229927053350871,-1.0273923680946446,-1.373133194044911,-1.0113777405360675,-1.65139193997694,-0.5372079950308747,-1.1064199433428745,0.24853892406476444,4.01,0.21,부산
108,대구전체,대구,3.4,1450.0,-3.81,0.02,7.5,7.0,7.0,7.5,65.0,-200,-5.0,7793,H,-0.8775360035757562,-1.4699558562916484,-0.35820865931606344,-0.18427387575612045,-0.16650398072494788,-0.019049928901804222,-0.6312133763415747,0.3472354593364336,3.61,0.21,대구
109,수성구,대구,2.5,1850.0,-2.5,0.03,8.5,9.5,7.0,6.0,58.0,-30,-2.0,936,H,-0.6448052807608268,-1.149647475331386,0.6567158754127841,1.883485786193747,-0.16650398072494788,-1.5735241272890157,-0.15126758304626134,0.4622550497625498,3.15,0.65,대구
110,달서구,대구,3.0,1320.0,-4.0,-0.02,7.5,7.0,7.5,8.0,66.0,-60,-6.0,2430,H,-0.9531734884906082,-1.51641279704161,-0.35820865931606344,-0.18427387575612045,0.20471800908805013,0.49910813722726627,-0.570476130126073,0.361126967569656,3.56,0.56,대구
111,북구,대구,3.3,1280.0,-4.0,-0.04,7.0,6.5,6.5,7.5,66.0,-40,-6.0,800,M,-0.9764465607721012,-1.51641279704161,-0.8656709266804872,-0.597825808146094,-0.5377259705379459,-0.019049928901804222,-0.8658798461033338,0.29611234294071265,3.82,0.52,대구
112,동구,대구,3.5,1400.0,-3.8,-0.03,7.5,6.5,7.0,8.0,65.0,-30,-5.0,900,M,-0.9066273439276225,-1.4675107541469137,-0.35820865931606344,-0.597825808146094,-0.16650398072494788,0.49910813722726627,-0.6482141742461832,0.34339208184263187,3.63,0.13,대구
113,중구,대구,3.2,1600.0,-3.0,0.02,8.0,6.5,6.5,7.0,63.0,10,-3.0,508,M,-0.7902619825201577,-1.2719025825681272,0.1492536080483603,-0.597825808146094,-0.5377259705379459,-0.5372079950308747,-0.6192625583127889,0.3499491895987424,3.6,0.4,대구
114,서구,대구,3.7,1050.0,-4.5,-0.05,6.5,5.5,5.0,7.5,68.0,-40,-7.0,400,L,-1.1102667263906856,-1.6386679042783512,-1.373133194044911,-1.424929672926041,-1.65139193997694,-0.019049928901804222,-1.2607105390891045,0.22085160112331506,4.12,0.42,대구
115,남구,대구,3.6,1300.0,-4.0,-0.04,7.0,7.0,6.0,9.5,66.0,-30,-6.0,1000,M,-0.9648100246313548,-1.51641279704161,-0.8656709266804872,-0.18427387575612045,-0.9089479603509439,2.0535823356144776,-0.6307968947393229,0.3473298663089595,3.61,0.01,대구
116,달성군,대구,4.1,1200.0,-3.5,-0.03,7.0,6.5,7.5,9.0,67.0,-20,-4.0,700,M,-1.0229927053350871,-1.3941576898048686,-0.8656709266804872,-0.597825808146094,0.20471800908805013,1.5354242694854072,-0.6233735429954114,0.34901458109395744,3.6,-0.5,대구
117,울산전체,울산,3.5,1550.0,2.1,0.12,7.0,7.0,8.0,7.0,65.0,50,6.0,150,H,-0.8193533228720239,-0.02490048875336564,-0.8656709266804872,-0.18427387575612045,0.5759399989010482,-0.5372079950308747,-0.4067204947811772,0.3996987450571857,3.4,-0.1,울산
118,남구,울산,2.9,2350.0,3.0,0.13,7.5,8.5,7.5,6.0,58.0,30,8.0,40,M,-0.353891877242165,0.19515870427276877,-0.35820865931606344,1.0563819214138002,0.20471800908805013,-1.5735241272890157,-0.09950628392722671,0.47514393499619034,3.1,0.2,울산
119,동구,울산,3.6,1550.0,4.0,0.1,6.5,6.5,9.5,7.5,67.0,20,10.0,30,M,-0.8193533228720239,0.43966891874625147,-1.373133194044911,-0.597825808146094,1.6896059683400422,-0.019049928901804222,-0.3141494530558282,0.42210222892147764,3.31,-0.29,울산
120,북구,울산,3.4,1550.0,2.5,0.1,7.0,7.0,8.5,8.0,65.0,40,7.0,40,M,-0.8193533228720239,0.07290359703602742,-0.8656709266804872,-0.18427387575612045,0.9471619887140461,0.49910813722726627,-0.24640586541618473,0.4387083349156003,3.25,-0.15,울산
121,중구,울산,3.2,1900.0,2.0,0.11,7.0,7.0,7.5,7.0,63.0,0,5.0,20,M,-0.6157139404089605,-0.04935151020071393,-0.8656709266804872,-0.18427387575612045,0.20471800908805013,-0.5372079950308747,-0.3978230524361809,0.4018354871178995,3.39,0.19,울산
122,울주군,울산,4.0,1100.0,1.5,0.04,6.5,5.5,9.0,8.5,67.0,30,4.0,30,M,-1.0811753860388196,-0.17160661743745528,-1.373133194044911,-1.424929672926041,1.3183839785270441,1.0172662033563367,-0.5594162415567461,0.3636825409142463,3.55,-0.45,울산
123,강남구,서울,1.5,9596.0,13.0,-0.06,10.0,10.0,10.0,7.5,37.6,-180,18.0,15,H,3.862025166550282,2.640260849007596,2.179102677506055,2.2970377185837205,2.06082795815304,-0.019049928901804222,2.4781124576529825,0.9225931063795388,1.31,-0.19,수도권
124,군위군,대구,4.5,850.0,-2.5,-0.02,5.0,3.5,6.5,7.5,70.0,-100,-5.0,100,L,-1.2266320877981505,-1.149647475331386,-2.8955199961381823,-3.079137402485935,-0.5377259705379459,-0.019049928901804222,-1.6332397165603163,0.16338703574713065,4.35,-0.15,대구
125,대전서구,대전,2.8,1611.0,-1.0,0.04,7.5,9.0,7.0,7.0,62.0,50,8.0,250,H,-0.7838618876427471,-0.782882153621162,-0.35820865931606344,1.4699338538037736,-0.16650398072494788,-0.5372079950308747,-0.2740647540031481,0.4319094772928097,3.27,0.47,대전(신규)
126,대전유성구,대전,2.9,1807.0,0.5,0.02,7.5,8.0,8.5,7.5,60.0,150,10.0,200,H,-0.6698238334634317,-0.41611683191093796,-0.35820865931606344,0.6428299890238266,0.9471619887140461,-0.019049928901804222,-0.13308535227646004,0.46677768280204424,3.13,0.23,대전(신규)
127,대전중구,대전,3.6,1300.0,-2.0,-0.01,6.5,6.0,5.5,7.0,65.0,-40,5.0,150,M,-0.9648100246313548,-1.0273923680946446,-1.373133194044911,-1.0113777405360675,-1.2801699501639419,-0.5372079950308747,-1.0547520741856418,0.25831361675690845,3.97,0.37,대전(신규)
128,대전동구,대전,4.0,1150.0,-2.5,-0.01,6.0,5.0,5.0,7.5,67.0,-60,4.0,180,L,-1.0520840456869534,-1.149647475331386,-1.8805954614093348,-1.8384816053160145,-1.65139193997694,-0.019049928901804222,-1.311886026455159,0.2121714147877492,4.15,0.15,대전(신규)
129,대전대덕구,대전,4.1,1100.0,-2.5,-0.01,6.0,5.0,6.5,7.0,68.0,-30,4.0,120,L,-1.0811753860388196,-1.149647475331386,-1.8805954614093348,-1.8384816053160145,-0.5377259705379459,-0.5372079950308747,-1.2596080712121331,0.22104136795660956,4.12,0.02,대전(신규)
130,광주남구,광주,3.0,1700.0,-0.5,0.03,7.0,8.5,6.0,7.0,64.0,-20,5.0,200,M,-0.7320793018164253,-0.6606270463844206,-0.8656709266804872,1.0563819214138002,-0.9089479603509439,-0.5372079950308747,-0.4744377273931998,0.3835664323202454,3.47,0.47,광주(신규)
131,광주광산구,광주,3.3,1450.0,-0.3,0.04,7.5,6.5,7.5,8.5,66.0,100,6.0,350,M,-0.8775360035757562,-0.611725003489724,-0.35820865931606344,-0.597825808146094,0.20471800908805013,1.0172662033563367,-0.3808461834325719,0.4059228241335283,3.38,0.08,광주(신규)
132,광주서구,광주,3.2,1550.0,-0.5,0.02,7.5,7.0,6.5,7.0,64.0,20,5.0,180,M,-0.8193533228720239,-0.6606270463844206,-0.35820865931606344,-0.18427387575612045,-0.5377259705379459,-0.5372079950308747,-0.543739949778403,0.3673180043181038,3.53,0.33,광주(신규)
133,광주북구,광주,3.5,1350.0,-0.8,0.02,7.0,7.0,6.0,7.5,66.0,-40,4.0,220,M,-0.9357186842794886,-0.7339801107264655,-0.8656709266804872,-0.18427387575612045,-0.9089479603509439,-0.019049928901804222,-0.6743007488399556,0.3375345010917015,3.65,0.15,광주(신규)
134,광주동구,광주,3.8,1400.0,-1.0,0.01,6.5,6.0,5.5,7.0,65.0,-30,3.0,100,L,-0.9066273439276225,-0.782882153621162,-1.373133194044911,-1.0113777405360675,-1.2801699501639419,-0.5372079950308747,-0.991304361115012,0.27065451890635306,3.92,0.12,광주(신규)
135,세종시,세종,2.7,2200.0,2.9,0.0,7.5,7.0,8.5,8.0,58.0,200,12.0,400,H,-0.44116589829776354,0.17070768282542048,-0.35820865931606344,-0.18427387575612045,0.9471619887140461,0.49910813722726627,-0.03080573864185629,0.49229917433271714,3.03,0.33,세종(신규)
136,전주완산구,전북,3.4,1146.0,1.0,0.03,7.0,7.5,6.0,7.5,66.0,50,6.0,200,M,-1.0544113529151027,-0.29386172467419663,-0.8656709266804872,0.22927805663385306,-0.9089479603509439,-0.019049928901804222,-0.5539174489299094,0.3649560093933668,3.54,0.14,전북(신규)
137,전주덕진구,전북,3.6,1200.0,1.5,0.03,7.0,6.5,6.5,8.5,67.0,80,7.0,250,M,-1.0229927053350871,-0.17160661743745528,-0.8656709266804872,-0.597825808146094,-0.5377259705379459,1.0172662033563367,-0.5049235330974353,0.37638431977952425,3.49,-0.11,전북(신규)
138,창원성산구,경남,3.1,1500.0,8.0,0.15,7.0,7.5,8.5,7.0,62.0,80,12.0,150,M,-0.84844466322389,1.4177097766401823,-0.8656709266804872,0.22927805663385306,0.9471619887140461,-0.5372079950308747,-0.02631628795063841,0.4934213076791003,3.03,-0.07,경남(신규)
139,창원의창구,경남,3.2,1452.0,9.0,0.14,7.0,7.0,8.0,7.5,63.0,60,11.0,180,M,-0.8763723499616816,1.662219991113665,-0.8656709266804872,-0.18427387575612045,0.5759399989010482,-0.019049928901804222,-0.0317353489672785,0.49206682855982026,3.03,-0.17,경남(신규)
140,김해시,경남,3.7,1300.0,2.0,0.08,6.5,6.5,8.0,8.0,66.0,50,6.0,250,M,-0.9648100246313548,-0.04935151020071393,-1.373133194044911,-0.597825808146094,0.5759399989010482,0.49910813722726627,-0.5078685046160463,0.3756933305781706,3.5,-0.2,경남(신규)
141,아산시,충남,3.5,1400.0,1.5,0.05,7.0,7.5,9.0,8.5,65.0,150,8.0,300,M,-0.9066273439276225,-0.17160661743745528,-0.8656709266804872,0.22927805663385306,1.3183839785270441,1.0172662033563367,-0.16615561812207807,0.4585563984665447,3.17,-0.33,충남(신규)
142,청주흥덕구,충북,3.3,1600.0,1.5,0.06,7.0,7.0,8.5,8.0,64.0,100,8.0,280,M,-0.7902619825201577,-0.17160661743745528,-0.8656709266804872,-0.18427387575612045,0.9471619887140461,0.49910813722726627,-0.2880350732229148,0.42848498158358916,3.29,-0.01,충북(신규)
143,청주상당구,충북,3.5,1400.0,1.0,0.05,7.0,6.5,7.0,7.5,66.0,40,6.0,200,M,-0.9066273439276225,-0.29386172467419663,-0.8656709266804872,-0.597825808146094,-0.16650398072494788,-0.019049928901804222,-0.5667926284374317,0.3619772379979521,3.55,0.05,충북(신규)
144,송도국제도시,인천,2.9,3700.0,-3.0,0.03,8.5,8.0,7.5,7.0,62.0,800,-8.0,500,H,0.4315743122582219,-1.2719025825681272,0.6567158754127841,0.6428299890238266,0.20471800908805013,-0.5372079950308747,0.0480317363927784,0.5120056260576062,2.95,0.05,수도권
